{
  "team0_positions": [
    [
      0.0,
      0.0
    ],
    [
      0.0,
      0.0
    ],
    [
      0.0,
      0.0
    ],
    [
      0.0,
      0.0
    ],
    [
      0.0,
      0.0
    ],
    [
      0.0,
      0.0
    ],
    [
      0.0,
      0.0
    ],
    [
      0.0,
      0.0
    ]
  ],
  "team1_positions": [
    [
      0.0,
      0.0
    ],
    [
      0.0,
      0.0
    ],
    [
      0.0,
      0.0
    ],
    [
      0.0,
      0.0
    ],
    [
      0.0,
      0.0
    ],
    [
      0.0,
      0.0
    ],
    [
      0.0,
      0.0
    ],
    [
      -0.06559649109840393,
      38.546852111816406
    ]
  ],
  "shot": 15,
  "shot_per_team": 7,
  "team_id": 0,
  "x_velocities": [
    -0.1, -0.1
  ],
  "y_velocities": [
    2.3, 2.3
  ],
  "angular_velocities": [
    1.0, 1.0
  ]
}