{
    "position": [-0.12, 35.30, -0.06, 39.95, -0.02, 38.70, 0.16, 38.32, 0.28, 39.33, 0.18, 35.00, -0.12, 37.83, 0.43, 38.20, 0.41, 39.05, 0.0, 0.0, -0.06, 38.12, 0.0, 0.0, 0.28, 37.88, 0.0, 0.0, 0.0, 0.0, 0.0, 0.0],
    "shot": 13,
    "shot_per_team": 6,
    "team_id": 0,
    "x_velocities": [-0.12025722861289978, -0.12018634599438284, -0.12031909237628365, -0.12035766617913035],
    "y_velocities": [2.3705861568450928, 2.369188874069202, 2.371805654273894, 2.372566045346431],
    "angular_velocities": [1.0, 1.0, 1.0, 1.0]
}